1,Software Engineer 1, software engineer 1
2,Software Engineer  2, software engineer 2
3,Software Engineer 3, software engineer 34,1st Grade Teacher,1st grade teacher
4,1st Pressman,1st pressman
5,1st Pressman On Web Press,1st pressman on web press
6,21 Dealer,21 dealer
7,2nd Grade Teacher,2nd grade teacher
8,2nd Pressman,2nd pressman
9,2 Year Olds Preschool Teacher,2 year olds preschool teacher
10,3D Animator,3d animator
11,3D Artist,3d artist
12,3D Designer,3d designer
13,3D Modeler,3d modeler
14,3D Specialist,3d specialist
15,3D Technologist,3d technologist
16,3rd Grade Reading Teacher,3rd grade reading teacher
17,3rd Grade Teacher,3rd grade teacher
18,3rd Pressman,3rd pressman
19,411 Directory Assistance Operator,411 directory assistance operator
20,4-H Youth Development Specialist,4h youth development specialist
21,4th Grade Math Teacher,4th grade math teacher
22,4th Grade Teacher,4th grade teacher23,1st Grade Teacher,1st grade teacher
23,1st Pressman,1st pressman
24,1st Pressman On Web Press,1st pressman on web press
25,21 Dealer,21 dealer
26,2nd Grade Teacher,2nd grade teacher
27,2nd Pressman,2nd pressman
28,2 Year Olds Preschool Teacher,2 year olds preschool teacher
29,3D Animator,3d animator
30,3D Artist,3d artist
31,3D Designer,3d designer
32,3D Modeler,3d modeler
33,3D Specialist,3d specialist
34,3D Technologist,3d technologist
35,3rd Grade Reading Teacher,3rd grade reading teacher
36,3rd Grade Teacher,3rd grade teacher
37,3rd Pressman,3rd pressman
38,411 Directory Assistance Operator,411 directory assistance operator
39,4-H Youth Development Specialist,4h youth development specialist
40,4th Grade Math Teacher,4th grade math teacher
41,4th Grade Teacher,4th grade teacher